{
	code: "tomat",
	class: "tomat",
	entityClass: "betomat",
	creativeinventory: { "general": ["*-north"] },
	behaviors: [{ name: "HorizontalOrientable" }],
	heldTpIdleAnimation: "holdbothhandslarge", 
	heldTpUseAnimation: "twohandplaceblock",
	blockmaterial: "Wood",
	variantgroups: [
		{ code: "type", states: [ "tall", "crate" ] },
		{ loadFromProperties: "abstract/horizontalorientation" }
	],
	drawtype: "json",
	shapebytype: { 
		"*-tall-north": {
			base: "block/tomat",
			rotateY: 0
		},
		"*-tall-east": {
			base: "block/tomat",
			rotateY: 270
		},
		"*-tall-south": {
			base: "block/tomat",
			rotateY: 180
		},
		"*-tall-west": {
			base: "block/tomat",
			rotateY: 90
		},
		"*-crate-north": {
			base: "block/opencrate",
			rotateY: 0
		},
		"*-crate-east": {
			base: "block/opencrate",
			rotateY: 270
		},
		"*-crate-south": {
			base: "block/opencrate",
			rotateY: 180
		},
		"*-crate-west": {
			base: "block/opencrate",
			rotateY: 90
		}		
	},
	lightAbsorption: 0,
	sidesolid: {
		all: "false"
	},
	sideopaque: {
		all: "false"
	},
	collisionboxbytype: {
		"*-tall-*": { x1: 0, y1: 0, z1: 0, x2: 1, y2: 2, z2: 1, rotateYByType: {  "*-south": 0, "*-east": 270, "*-west": 90 } },
		"*-crate-*": { x1: 0, y1: 0, z1: 0, x2: 1, y2: 0.75, z2: 1, rotateYByType: {  "*-south": 0, "*-east": 270, "*-west": 90 } }
	},
	selectionboxbytype: {
		"*-tall-*": { x1: 0, y1: 0, z1: 0, x2: 1, y2: 2, z2: 1, rotateYByType: {  "*-south": 0, "*-east": 270, "*-west": 90 } },
		"*-crate-*": { x1: 0, y1: 0, z1: 0, x2: 1, y2: 0.75, z2: 1, rotateYByType: {  "*-south": 0, "*-east": 270, "*-west": 90 } }
	},
	resistance: 3.5,
	sounds: {
		"place": "game:block/planks",
		"walk": "game:walk/wood"
	},
	
	guiTransformByType: {
		"*-tall-*": {
			rotation: { x: -22.6, y: -145, z: 0 },
			origin: { x: 0.5, y: 0.9, z: 0.5 },
			scale: 0.72
		},
		"*-crate-*": {
			rotation: { x: -22.6, y: -145, z: 0 },
			origin: { x: 0.5, y: 0.9, z: 0.5 },
			scale: 0.72
		}		
	},
	
	tpHandTransformByType: {
		"*-tall-*": {
			translation: { x: -1.1, y: -2, z: -0.6 },
			rotation: { x: -81, y: 16, z: -107 },
			origin: { x: 0.5, y: 0.9, z: 0.5 },
			scale: 0.45
		},
		"*-crate-*": {
			translation: { x: -1.8, y: -1.8, z: -0.35 },
			rotation: { x: -80, y: 10, z: -105 },
			origin: { x: 0.5, y: 0.9, z: 0.5 },
			scale: 0.51
		}	
	},
	
	groundTransformByType: {
		"*-tall-*": {	
			translation: { x: 0, y: 0.32, z: 0 },
			rotation: { x: 0, y: -2, z: 90 },
			origin: { x: 0.5, y: 0.9, z: 0.5 },
			scale: 3
		},
		"*-crate-*": {
			translation: { x: 0, y: -0.19, z: 0 },
			rotation: { x: -9, y: -22, z: 180 },
			origin: { x: 0.5, y: 0.9, z: 0.5 },
			scale: 3
		}	
	}
	
}