{
	"editor": {
		"allAngles": false,
		"entityTextureMode": false
	},
	"textureWidth": 16,
	"textureHeight": 16,
	"textureSizes": {
	},
	"textures": {
		"sides3": "block/wood/trunk/sides"
	},
	"elements": [
		{
			"name": "bottom_cube",
			"from": [ 0.0, 0.0, 0.0 ], 
			"to": [ 16.0, 16.0, 15.0 ], 
			"faces": {
				"north": { "texture": "#sides3", "uv": [ 0.0, 0.0, 14.0, 12.0 ], "autoUv": false },
				"east": { "texture": "#sides3", "uv": [ 1.0, 0.0, 14.0, 12.0 ], "autoUv": false },
				"south": { "texture": "#sides3", "uv": [ 0.0, 0.0, 14.0, 12.0 ], "autoUv": false },
				"west": { "texture": "#sides3", "uv": [ 0.0, 0.0, 13.0, 12.0 ], "autoUv": false },
				"up": { "texture": "#null", "uv": [ 0.0, 0.0, 16.0, 15.0 ] },
				"down": { "texture": "#null", "uv": [ 0.0, 0.0, 16.0, 15.0 ] }
			},
			"children": [
				{
					"name": "Cube1",
					"from": [ 0.0, 0.0, 15.0 ], 
					"to": [ 1.0, 16.0, 16.0 ], 
					"rotationOrigin": [ 0.0, 0.0, 15.0 ],
					"faces": {
						"north": { "texture": "#sides3", "uv": [ 0.0, 0.0, 1.0, 12.0 ], "autoUv": false },
						"east": { "texture": "#sides3", "uv": [ 0.0, 0.0, 1.0, 12.0 ], "autoUv": false },
						"south": { "texture": "#sides3", "uv": [ 0.0, 0.0, 1.0, 12.0 ], "autoUv": false },
						"west": { "texture": "#sides3", "uv": [ 0.0, 0.0, 1.0, 12.0 ], "autoUv": false },
						"up": { "texture": "#sides3", "uv": [ 0.0, 0.0, 1.0, 1.0 ] },
						"down": { "texture": "#sides3", "uv": [ 0.0, 0.0, 1.0, 1.0 ] }
					}
				},
				{
					"name": "Cube3",
					"from": [ 15.0, 0.0, 15.0 ], 
					"to": [ 16.0, 16.0, 16.0 ], 
					"rotationOrigin": [ 15.0, 0.0, 15.0 ],
					"faces": {
						"north": { "texture": "#sides3", "uv": [ 0.0, 0.0, 1.0, 12.0 ], "autoUv": false },
						"east": { "texture": "#sides3", "uv": [ 0.0, 0.0, 1.0, 12.0 ], "autoUv": false },
						"south": { "texture": "#sides3", "uv": [ 0.0, 0.0, 1.0, 12.0 ], "autoUv": false },
						"west": { "texture": "#sides3", "uv": [ 0.0, 0.0, 1.0, 12.0 ], "autoUv": false },
						"up": { "texture": "#sides3", "uv": [ 0.0, 0.0, 1.0, 1.0 ] },
						"down": { "texture": "#sides3", "uv": [ 0.0, 0.0, 1.0, 1.0 ] }
					}
				},
				{
					"name": "Cube4",
					"from": [ 15.0, 0.0, 15.0 ], 
					"to": [ 16.0, 14.0, 16.0 ], 
					"rotationOrigin": [ 15.0, 0.0, 15.0 ],
					"rotationZ": 90.0,
					"faces": {
						"north": { "texture": "#sides3", "uv": [ 0.0, 0.0, 1.0, 12.0 ], "autoUv": false },
						"east": { "texture": "#sides3", "uv": [ 0.0, 0.0, 1.0, 12.0 ], "autoUv": false },
						"south": { "texture": "#sides3", "uv": [ 0.0, 0.0, 1.0, 12.0 ], "autoUv": false },
						"west": { "texture": "#sides3", "uv": [ 0.0, 0.0, 1.0, 12.0 ], "autoUv": false },
						"up": { "texture": "#sides3", "uv": [ 0.0, 0.0, 1.0, 1.0 ] },
						"down": { "texture": "#sides3", "uv": [ 0.0, 0.0, 1.0, 1.0 ] }
					}
				},
				{
					"name": "Cube5",
					"from": [ 15.0, 15.0, 15.0 ], 
					"to": [ 16.0, 29.0, 16.0 ], 
					"rotationOrigin": [ 15.0, 15.0, 15.0 ],
					"rotationZ": 90.0,
					"faces": {
						"north": { "texture": "#sides3", "uv": [ 0.0, 0.0, 1.0, 12.0 ], "autoUv": false },
						"east": { "texture": "#sides3", "uv": [ 0.0, 0.0, 1.0, 12.0 ], "autoUv": false },
						"south": { "texture": "#sides3", "uv": [ 0.0, 0.0, 1.0, 12.0 ], "autoUv": false },
						"west": { "texture": "#sides3", "uv": [ 0.0, 0.0, 1.0, 12.0 ], "autoUv": false },
						"up": { "texture": "#sides3", "uv": [ 0.0, 0.0, 1.0, 1.0 ] },
						"down": { "texture": "#sides3", "uv": [ 0.0, 0.0, 1.0, 1.0 ] }
					}
				}
			]
		}
	]}