{
	"editor": {
		"allAngles": false,
		"entityTextureMode": false
	},
	"textureWidth": 16,
	"textureHeight": 16,
	"textureSizes": {
	},
	"textures": {
		"sides3": "game:block/wood/trunk/sides",
		"basalt2": "game:block/stone/rock/basalt2",
		"brass2": "game:block/metal/sheet/brass2"
	},
	"elements": [
		{
			"name": "bottom_cube",
			"from": [ 0.0, 0.0, 0.0 ], 
			"to": [ 16.0, 16.0, 15.0 ], 
			"faces": {
				"north": { "texture": "#sides3", "uv": [ 0.0, 0.0, 14.0, 12.0 ], "autoUv": false },
				"east": { "texture": "#sides3", "uv": [ 1.0, 0.0, 14.0, 12.0 ], "autoUv": false },
				"south": { "texture": "#sides3", "uv": [ 0.0, 0.0, 14.0, 12.0 ], "autoUv": false },
				"west": { "texture": "#sides3", "uv": [ 0.0, 0.0, 13.0, 12.0 ], "autoUv": false },
				"up": { "texture": "#sides3", "uv": [ 0.0, 0.0, 16.0, 15.0 ] },
				"down": { "texture": "#sides3", "uv": [ 0.0, 0.0, 14.0, 12.0 ], "autoUv": false }
			},
			"children": [
				{
					"name": "Cube1",
					"from": [ 0.0, 0.0, 15.0 ], 
					"to": [ 1.0, 16.0, 16.0 ], 
					"rotationOrigin": [ 0.0, 0.0, 15.0 ],
					"faces": {
						"north": { "texture": "#sides3", "uv": [ 0.0, 0.0, 1.0, 12.0 ], "autoUv": false },
						"east": { "texture": "#sides3", "uv": [ 0.0, 0.0, 1.0, 12.0 ], "autoUv": false },
						"south": { "texture": "#sides3", "uv": [ 0.0, 0.0, 1.0, 12.0 ], "autoUv": false },
						"west": { "texture": "#sides3", "uv": [ 0.0, 0.0, 1.0, 12.0 ], "autoUv": false },
						"up": { "texture": "#sides3", "uv": [ 0.0, 0.0, 1.0, 1.0 ] },
						"down": { "texture": "#sides3", "uv": [ 0.0, 0.0, 1.0, 1.0 ] }
					}
				},
				{
					"name": "Cube3",
					"from": [ 15.0, 0.0, 15.0 ], 
					"to": [ 16.0, 16.0, 16.0 ], 
					"rotationOrigin": [ 15.0, 0.0, 15.0 ],
					"faces": {
						"north": { "texture": "#sides3", "uv": [ 0.0, 0.0, 1.0, 12.0 ], "autoUv": false },
						"east": { "texture": "#sides3", "uv": [ 0.0, 0.0, 1.0, 12.0 ], "autoUv": false },
						"south": { "texture": "#sides3", "uv": [ 0.0, 0.0, 1.0, 12.0 ], "autoUv": false },
						"west": { "texture": "#sides3", "uv": [ 0.0, 0.0, 1.0, 12.0 ], "autoUv": false },
						"up": { "texture": "#sides3", "uv": [ 0.0, 0.0, 1.0, 1.0 ] },
						"down": { "texture": "#sides3", "uv": [ 0.0, 0.0, 1.0, 1.0 ] }
					}
				},
				{
					"name": "Cube4",
					"from": [ 15.0, 0.0, 15.0 ], 
					"to": [ 16.0, 14.0, 16.0 ], 
					"rotationOrigin": [ 15.0, 0.0, 15.0 ],
					"rotationZ": 90.0,
					"faces": {
						"north": { "texture": "#sides3", "uv": [ 0.0, 0.0, 1.0, 12.0 ], "autoUv": false },
						"east": { "texture": "#sides3", "uv": [ 0.0, 0.0, 1.0, 12.0 ], "autoUv": false },
						"south": { "texture": "#sides3", "uv": [ 0.0, 0.0, 1.0, 12.0 ], "autoUv": false },
						"west": { "texture": "#sides3", "uv": [ 0.0, 0.0, 1.0, 12.0 ], "autoUv": false },
						"up": { "texture": "#sides3", "uv": [ 0.0, 0.0, 1.0, 1.0 ] },
						"down": { "texture": "#sides3", "uv": [ 0.0, 0.0, 1.0, 1.0 ] }
					}
				},
				{
					"name": "Cube5",
					"from": [ 15.0, 15.0, 15.0 ], 
					"to": [ 16.0, 29.0, 16.0 ], 
					"rotationOrigin": [ 15.0, 15.0, 15.0 ],
					"rotationZ": 90.0,
					"faces": {
						"north": { "texture": "#sides3", "uv": [ 0.0, 0.0, 1.0, 12.0 ], "autoUv": false },
						"east": { "texture": "#sides3", "uv": [ 0.0, 0.0, 1.0, 12.0 ], "autoUv": false },
						"south": { "texture": "#sides3", "uv": [ 0.0, 0.0, 1.0, 12.0 ], "autoUv": false },
						"west": { "texture": "#sides3", "uv": [ 0.0, 0.0, 1.0, 12.0 ], "autoUv": false },
						"up": { "texture": "#sides3", "uv": [ 0.0, 0.0, 1.0, 1.0 ] },
						"down": { "texture": "#sides3", "uv": [ 0.0, 0.0, 1.0, 1.0 ] }
					}
				}
			]
		},
		{
			"name": "panel",
			"from": [ 0.05, 16.0, 6.0 ], 
			"to": [ 15.95, 23.0, 13.0 ], 
			"rotationOrigin": [ 0.0, 16.0, 6.0 ],
			"rotationX": 45.0,
			"faces": {
				"north": { "texture": "#sides3", "uv": [ 0.0, 0.0, 14.0, 7.0 ], "autoUv": false },
				"east": { "texture": "#sides3", "uv": [ 0.0, 0.0, 7.0, 3.0 ], "autoUv": false },
				"south": { "texture": "#sides3", "uv": [ 0.0, 0.0, 14.0, 7.0 ], "autoUv": false },
				"west": { "texture": "#sides3", "uv": [ 0.0, 0.0, 7.0, 3.0 ], "autoUv": false },
				"up": { "texture": "#sides3", "uv": [ 0.0, 3.0, 14.0, 12.0 ], "autoUv": false },
				"down": { "texture": "#sides3", "uv": [ 0.0, 0.0, 15.5, 7.0 ] }
			},
			"children": [
				{
					"name": "Btn1",
					"from": [ 2.0, 7.0, 1.0 ], 
					"to": [ 4.0, 7.5, 3.0 ], 
					"rotationOrigin": [ 2.0, 7.0, 1.0 ],
					"faces": {
						"north": { "texture": "#brass2", "uv": [ 0.0, 0.0, 2.0, 0.5 ] },
						"east": { "texture": "#brass2", "uv": [ 0.0, 0.0, 2.0, 0.5 ] },
						"south": { "texture": "#brass2", "uv": [ 0.0, 0.0, 2.0, 0.5 ] },
						"west": { "texture": "#brass2", "uv": [ 0.0, 0.0, 2.0, 0.5 ] },
						"up": { "texture": "#brass2", "uv": [ 2.0, 2.0, 4.0, 4.0 ] },
						"down": { "texture": "#brass2", "uv": [ 0.0, 0.0, 2.0, 2.0 ] }
					}
				},
				{
					"name": "Handlestand1",
					"from": [ 10.0, 7.0, 3.0 ], 
					"to": [ 11.0, 9.0, 4.0 ], 
					"rotationOrigin": [ 10.0, 7.0, 3.0 ],
					"faces": {
						"north": { "texture": "#brass2", "uv": [ 3.0, 3.5, 4.0, 5.5 ] },
						"east": { "texture": "#brass2", "uv": [ 2.5, 3.0, 3.5, 5.0 ] },
						"south": { "texture": "#brass2", "uv": [ 3.0, 3.5, 4.0, 5.5 ] },
						"west": { "texture": "#brass2", "uv": [ 3.0, 3.5, 4.0, 5.5 ] },
						"up": { "texture": "#brass2", "uv": [ 4.5, 4.0, 5.5, 5.0 ] },
						"down": { "texture": "#brass2", "uv": [ 4.0, 4.0, 5.0, 5.0 ] }
					}
				},
				{
					"name": "Handlestand2",
					"from": [ 13.0, 7.0, 3.0 ], 
					"to": [ 14.0, 9.0, 4.0 ], 
					"rotationOrigin": [ 13.0, 7.0, 3.0 ],
					"faces": {
						"north": { "texture": "#brass2", "uv": [ 3.5, 3.5, 4.5, 5.5 ] },
						"east": { "texture": "#brass2", "uv": [ 4.0, 4.5, 5.0, 6.5 ] },
						"south": { "texture": "#brass2", "uv": [ 4.5, 4.5, 5.5, 6.5 ] },
						"west": { "texture": "#brass2", "uv": [ 5.0, 5.5, 6.0, 7.5 ] },
						"up": { "texture": "#brass2", "uv": [ 3.0, 4.0, 4.0, 5.0 ] },
						"down": { "texture": "#brass2", "uv": [ 5.5, 6.0, 6.5, 7.0 ] }
					}
				},
				{
					"name": "Handle",
					"from": [ 9.0, 9.0, 3.0 ], 
					"to": [ 15.0, 10.0, 4.0 ], 
					"rotationOrigin": [ 9.0, 9.0, 3.0 ],
					"faces": {
						"north": { "texture": "#brass2", "uv": [ 4.5, 4.0, 10.5, 5.0 ] },
						"east": { "texture": "#brass2", "uv": [ 4.5, 4.0, 5.5, 5.0 ] },
						"south": { "texture": "#brass2", "uv": [ 4.0, 4.5, 10.0, 5.5 ] },
						"west": { "texture": "#brass2", "uv": [ 5.5, 5.0, 6.5, 6.0 ] },
						"up": { "texture": "#brass2", "uv": [ 4.5, 5.0, 10.5, 6.0 ] },
						"down": { "texture": "#brass2", "uv": [ 5.0, 6.0, 11.0, 7.0 ] }
					}
				},
				{
					"name": "Btn4",
					"from": [ 5.0, 7.0, 1.0 ], 
					"to": [ 7.0, 7.5, 3.0 ], 
					"rotationOrigin": [ 5.0, 7.0, 1.0 ],
					"faces": {
						"north": { "texture": "#brass2", "uv": [ 0.0, 0.0, 2.0, 0.5 ] },
						"east": { "texture": "#brass2", "uv": [ 0.0, 0.0, 2.0, 0.5 ] },
						"south": { "texture": "#brass2", "uv": [ 0.0, 0.0, 2.0, 0.5 ] },
						"west": { "texture": "#brass2", "uv": [ 0.0, 0.0, 2.0, 0.5 ] },
						"up": { "texture": "#brass2", "uv": [ 2.0, 2.0, 4.0, 4.0 ] },
						"down": { "texture": "#brass2", "uv": [ 0.0, 0.0, 2.0, 2.0 ] }
					}
				},
				{
					"name": "Btn2",
					"from": [ 2.0, 7.0, 4.0 ], 
					"to": [ 4.0, 7.5, 6.0 ], 
					"rotationOrigin": [ 2.0, 7.0, 4.0 ],
					"faces": {
						"north": { "texture": "#brass2", "uv": [ 0.0, 0.0, 2.0, 0.5 ] },
						"east": { "texture": "#brass2", "uv": [ 0.0, 0.0, 2.0, 0.5 ] },
						"south": { "texture": "#brass2", "uv": [ 0.0, 0.0, 2.0, 0.5 ] },
						"west": { "texture": "#brass2", "uv": [ 0.0, 0.0, 2.0, 0.5 ] },
						"up": { "texture": "#brass2", "uv": [ 2.0, 2.0, 4.0, 4.0 ] },
						"down": { "texture": "#brass2", "uv": [ 0.0, 0.0, 2.0, 2.0 ] }
					}
				},
				{
					"name": "Btn3",
					"from": [ 5.0, 7.0, 4.0 ], 
					"to": [ 7.0, 7.5, 6.0 ], 
					"rotationOrigin": [ 5.0, 7.0, 4.0 ],
					"faces": {
						"north": { "texture": "#brass2", "uv": [ 0.0, 0.0, 2.0, 0.5 ] },
						"east": { "texture": "#brass2", "uv": [ 0.0, 0.0, 2.0, 0.5 ] },
						"south": { "texture": "#brass2", "uv": [ 0.0, 0.0, 2.0, 0.5 ] },
						"west": { "texture": "#brass2", "uv": [ 0.0, 0.0, 2.0, 0.5 ] },
						"up": { "texture": "#brass2", "uv": [ 2.0, 2.0, 4.0, 4.0 ] },
						"down": { "texture": "#brass2", "uv": [ 0.0, 0.0, 2.0, 2.0 ] }
					}
				}
			]
		},
		{
			"name": "top_cube",
			"from": [ 0.0, 16.0, 0.0 ], 
			"to": [ 16.0, 30.0, 11.0 ], 
			"rotationOrigin": [ 0.0, 16.0, 0.0 ],
			"faces": {
				"north": { "texture": "#sides3", "uv": [ 0.0, 0.0, 14.0, 12.0 ], "autoUv": false },
				"east": { "texture": "#sides3", "uv": [ 0.0, 0.0, 14.0, 12.0 ], "autoUv": false },
				"south": { "texture": "#sides3", "uv": [ 0.0, 0.0, 14.0, 12.0 ], "autoUv": false },
				"west": { "texture": "#sides3", "uv": [ 0.0, 0.0, 14.0, 12.0 ], "autoUv": false },
				"up": { "texture": "#sides3", "uv": [ 0.0, 0.0, 14.0, 12.0 ], "autoUv": false },
				"down": { "texture": "#sides3", "uv": [ 0.0, 0.0, 16.0, 11.0 ] }
			},
			"children": [
				{
					"name": "top_cover",
					"from": [ 0.0, 14.0, 0.0 ], 
					"to": [ 16.0, 16.0, 15.0 ], 
					"rotationOrigin": [ 0.0, 14.0, 0.0 ],
					"faces": {
						"north": { "texture": "#sides3", "uv": [ 0.0, 0.0, 14.0, 1.0 ], "autoUv": false },
						"east": { "texture": "#sides3", "uv": [ 0.0, 0.0, 14.0, 1.0 ], "autoUv": false },
						"south": { "texture": "#sides3", "uv": [ 0.0, 0.0, 14.0, 1.0 ], "autoUv": false },
						"west": { "texture": "#sides3", "uv": [ 0.0, 0.0, 14.0, 1.0 ], "autoUv": false },
						"up": { "texture": "#sides3", "uv": [ 0.0, 0.0, 14.0, 12.0 ], "autoUv": false },
						"down": { "texture": "#sides3", "uv": [ 0.0, 0.0, 16.0, 15.0 ] }
					}
				},
				{
					"name": "Screen",
					"from": [ 2.0, 6.0, 11.0 ], 
					"to": [ 14.0, 11.0, 12.0 ], 
					"rotationOrigin": [ 2.0, 6.0, 11.0 ],
					"faces": {
						"north": { "texture": "#basalt2", "uv": [ 0.0, 0.0, 12.0, 5.0 ] },
						"east": { "texture": "#basalt2", "uv": [ 0.0, 0.0, 1.0, 5.0 ] },
						"south": { "texture": "#basalt2", "uv": [ 0.0, 0.0, 12.0, 5.0 ], "glow": 25 },
						"west": { "texture": "#basalt2", "uv": [ 0.0, 0.0, 1.0, 5.0 ] },
						"up": { "texture": "#basalt2", "uv": [ 0.0, 0.0, 12.0, 1.0 ] },
						"down": { "texture": "#basalt2", "uv": [ 0.0, 0.0, 12.0, 1.0 ] }
					}
				}
			]
		},
		{
			"name": "border_top",
			"from": [ 0.05, 29.8, 9.3 ], 
			"to": [ 15.95, 33.0, 12.0 ], 
			"rotationOrigin": [ 0.0, 30.0, 9.0 ],
			"rotationX": 45.0,
			"faces": {
				"north": { "texture": "#sides3", "uv": [ 0.0, 0.0, 14.0, 2.0 ], "autoUv": false },
				"east": { "texture": "#sides3", "uv": [ 0.0, 0.0, 1.0, 2.0 ], "autoUv": false },
				"south": { "texture": "#sides3", "uv": [ 0.0, 0.0, 14.0, 3.0 ], "autoUv": false },
				"west": { "texture": "#sides3", "uv": [ 0.0, 0.0, 1.0, 2.0 ], "autoUv": false },
				"up": { "texture": "#sides3", "uv": [ 0.0, 0.0, 15.5, 2.5 ] },
				"down": { "texture": "#sides3", "uv": [ 0.0, 0.0, 15.5, 2.5 ] }
			}
		}
	]}