{
	"editor": {
		"allAngles": false,
		"entityTextureMode": false
	},
	"textureWidth": 16,
	"textureHeight": 16,
	"textureSizes": {
	},
	"textures": {
		"other": "block/clay/ceramic",
		"floor": "block/clay/ceramic-dark"
	},
	"elements": [
		{
			"name": "Cube1",
			"from": [ 1.0, 0.0, 1.0 ], 
			"to": [ 15.0, 1.0, 15.0 ], 
			"rotationOrigin": [ 1.0, 0.0, 1.0 ],
			"faces": {
				"north": { "texture": "#other", "uv": [ 0.0, 0.0, 14.0, 1.0 ] },
				"east": { "texture": "#other", "uv": [ 0.0, 0.0, 14.0, 1.0 ] },
				"south": { "texture": "#other", "uv": [ 0.0, 0.0, 14.0, 1.0 ] },
				"west": { "texture": "#other", "uv": [ 0.0, 0.0, 14.0, 1.0 ] },
				"up": { "texture": "#floor", "uv": [ 0.0, 0.0, 14.0, 14.0 ] },
				"down": { "texture": "#other", "uv": [ 0.0, 0.0, 14.0, 14.0 ] }
			},
			"children": [
				{
					"name": "Cube2",
					"from": [ 0.0, 1.0, 0.0 ], 
					"to": [ 1.0, 2.0, 14.0 ], 
					"rotationOrigin": [ 0.0, 1.0, 0.0 ],
					"faces": {
						"north": { "texture": "#other", "uv": [ 0.0, 0.0, 1.0, 1.0 ] },
						"east": { "texture": "#other", "uv": [ 0.0, 0.0, 14.0, 1.0 ] },
						"south": { "texture": "#other", "uv": [ 0.0, 0.0, 1.0, 1.0 ] },
						"west": { "texture": "#other", "uv": [ 0.0, 0.0, 14.0, 1.0 ] },
						"up": { "texture": "#other", "uv": [ 0.0, 0.0, 1.0, 14.0 ] },
						"down": { "texture": "#other", "uv": [ 0.0, 0.0, 1.0, 14.0 ] }
					}
				},
				{
					"name": "Cube3",
					"from": [ 13.0, 1.0, 0.0 ], 
					"to": [ 14.0, 2.0, 14.0 ], 
					"rotationOrigin": [ 13.0, 1.0, 0.0 ],
					"faces": {
						"north": { "texture": "#other", "uv": [ 0.0, 0.0, 1.0, 1.0 ] },
						"east": { "texture": "#other", "uv": [ 0.0, 0.0, 14.0, 1.0 ] },
						"south": { "texture": "#other", "uv": [ 0.0, 0.0, 1.0, 1.0 ] },
						"west": { "texture": "#other", "uv": [ 0.0, 0.0, 14.0, 1.0 ] },
						"up": { "texture": "#other", "uv": [ 0.0, 0.0, 1.0, 14.0 ] },
						"down": { "texture": "#other", "uv": [ 0.0, 0.0, 1.0, 14.0 ] }
					}
				},
				{
					"name": "Cube4",
					"from": [ 1.0, 1.0, 0.0 ], 
					"to": [ 13.0, 2.0, 1.0 ], 
					"rotationOrigin": [ 1.0, 1.0, 0.0 ],
					"faces": {
						"north": { "texture": "#other", "uv": [ 0.0, 0.0, 12.0, 1.0 ] },
						"east": { "texture": "#other", "uv": [ 0.0, 0.0, 1.0, 1.0 ] },
						"south": { "texture": "#other", "uv": [ 0.0, 0.0, 12.0, 1.0 ] },
						"west": { "texture": "#other", "uv": [ 0.0, 0.0, 1.0, 1.0 ] },
						"up": { "texture": "#other", "uv": [ 0.0, 0.0, 12.0, 1.0 ] },
						"down": { "texture": "#other", "uv": [ 0.0, 0.0, 12.0, 1.0 ] }
					}
				},
				{
					"name": "Cube5",
					"from": [ 1.0, 1.0, 13.0 ], 
					"to": [ 13.0, 2.0, 14.0 ], 
					"rotationOrigin": [ 1.0, 1.0, 13.0 ],
					"faces": {
						"north": { "texture": "#other", "uv": [ 0.0, 0.0, 12.0, 1.0 ] },
						"east": { "texture": "#other", "uv": [ 0.0, 0.0, 1.0, 1.0 ] },
						"south": { "texture": "#other", "uv": [ 0.0, 0.0, 12.0, 1.0 ] },
						"west": { "texture": "#other", "uv": [ 0.0, 0.0, 1.0, 1.0 ] },
						"up": { "texture": "#other", "uv": [ 0.0, 0.0, 12.0, 1.0 ] },
						"down": { "texture": "#other", "uv": [ 0.0, 0.0, 12.0, 1.0 ] }
					}
				},
				{
					"name": "Cube6",
					"from": [ 1.0, 1.0, 1.0 ], 
					"to": [ 3.0, 2.0, 2.0 ], 
					"rotationOrigin": [ 1.0, 1.0, 1.0 ],
					"faces": {
						"north": { "texture": "#other", "uv": [ 0.0, 0.0, 2.0, 1.0 ] },
						"east": { "texture": "#other", "uv": [ 0.0, 0.0, 1.0, 1.0 ] },
						"south": { "texture": "#other", "uv": [ 0.0, 0.0, 2.0, 1.0 ] },
						"west": { "texture": "#other", "uv": [ 0.0, 0.0, 1.0, 1.0 ] },
						"up": { "texture": "#other", "uv": [ 0.0, 0.0, 2.0, 1.0 ] },
						"down": { "texture": "#other", "uv": [ 0.0, 0.0, 2.0, 1.0 ] }
					}
				},
				{
					"name": "Cube7",
					"from": [ 11.0, 1.0, 1.0 ], 
					"to": [ 13.0, 2.0, 2.0 ], 
					"rotationOrigin": [ 11.0, 1.0, 1.0 ],
					"faces": {
						"north": { "texture": "#other", "uv": [ 0.0, 0.0, 2.0, 1.0 ] },
						"east": { "texture": "#other", "uv": [ 0.0, 0.0, 1.0, 1.0 ] },
						"south": { "texture": "#other", "uv": [ 0.0, 0.0, 2.0, 1.0 ] },
						"west": { "texture": "#other", "uv": [ 0.0, 0.0, 1.0, 1.0 ] },
						"up": { "texture": "#other", "uv": [ 0.0, 0.0, 2.0, 1.0 ] },
						"down": { "texture": "#other", "uv": [ 0.0, 0.0, 2.0, 1.0 ] }
					}
				},
				{
					"name": "Cube8",
					"from": [ 5.0, 1.0, 1.0 ], 
					"to": [ 9.0, 2.0, 2.0 ], 
					"rotationOrigin": [ 5.0, 1.0, 1.0 ],
					"faces": {
						"north": { "texture": "#other", "uv": [ 0.0, 0.0, 4.0, 1.0 ] },
						"east": { "texture": "#other", "uv": [ 0.0, 0.0, 1.0, 1.0 ] },
						"south": { "texture": "#other", "uv": [ 0.0, 0.0, 4.0, 1.0 ] },
						"west": { "texture": "#other", "uv": [ 0.0, 0.0, 1.0, 1.0 ] },
						"up": { "texture": "#other", "uv": [ 0.0, 0.0, 4.0, 1.0 ] },
						"down": { "texture": "#other", "uv": [ 0.0, 0.0, 4.0, 1.0 ] }
					}
				},
				{
					"name": "Cube9",
					"from": [ 1.0, 1.0, 2.0 ], 
					"to": [ 2.0, 2.0, 3.0 ], 
					"rotationOrigin": [ 1.0, 1.0, 2.0 ],
					"faces": {
						"north": { "texture": "#other", "uv": [ 0.0, 0.0, 1.0, 1.0 ] },
						"east": { "texture": "#other", "uv": [ 0.0, 0.0, 1.0, 1.0 ] },
						"south": { "texture": "#other", "uv": [ 0.0, 0.0, 1.0, 1.0 ] },
						"west": { "texture": "#other", "uv": [ 0.0, 0.0, 1.0, 1.0 ] },
						"up": { "texture": "#other", "uv": [ 0.0, 0.0, 1.0, 1.0 ] },
						"down": { "texture": "#other", "uv": [ 0.0, 0.0, 1.0, 1.0 ] }
					}
				},
				{
					"name": "Cube10",
					"from": [ 6.0, 1.0, 2.0 ], 
					"to": [ 8.0, 2.0, 3.0 ], 
					"rotationOrigin": [ 6.0, 1.0, 2.0 ],
					"faces": {
						"north": { "texture": "#other", "uv": [ 0.0, 0.0, 2.0, 1.0 ] },
						"east": { "texture": "#other", "uv": [ 0.0, 0.0, 1.0, 1.0 ] },
						"south": { "texture": "#other", "uv": [ 0.0, 0.0, 2.0, 1.0 ] },
						"west": { "texture": "#other", "uv": [ 0.0, 0.0, 1.0, 1.0 ] },
						"up": { "texture": "#other", "uv": [ 0.0, 0.0, 2.0, 1.0 ] },
						"down": { "texture": "#other", "uv": [ 0.0, 0.0, 2.0, 1.0 ] }
					}
				},
				{
					"name": "Cube11",
					"from": [ 12.0, 1.0, 2.0 ], 
					"to": [ 13.0, 2.0, 3.0 ], 
					"rotationOrigin": [ 12.0, 1.0, 2.0 ],
					"faces": {
						"north": { "texture": "#other", "uv": [ 0.0, 0.0, 1.0, 1.0 ] },
						"east": { "texture": "#other", "uv": [ 0.0, 0.0, 1.0, 1.0 ] },
						"south": { "texture": "#other", "uv": [ 0.0, 0.0, 1.0, 1.0 ] },
						"west": { "texture": "#other", "uv": [ 0.0, 0.0, 1.0, 1.0 ] },
						"up": { "texture": "#other", "uv": [ 0.0, 0.0, 1.0, 1.0 ] },
						"down": { "texture": "#other", "uv": [ 0.0, 0.0, 1.0, 1.0 ] }
					}
				},
				{
					"name": "Cube12",
					"from": [ 1.0, 1.0, 5.0 ], 
					"to": [ 2.0, 2.0, 6.0 ], 
					"rotationOrigin": [ 1.0, 1.0, 5.0 ],
					"faces": {
						"north": { "texture": "#other", "uv": [ 0.0, 0.0, 1.0, 1.0 ] },
						"east": { "texture": "#other", "uv": [ 0.0, 0.0, 1.0, 1.0 ] },
						"south": { "texture": "#other", "uv": [ 0.0, 0.0, 1.0, 1.0 ] },
						"west": { "texture": "#other", "uv": [ 0.0, 0.0, 1.0, 1.0 ] },
						"up": { "texture": "#other", "uv": [ 0.0, 0.0, 1.0, 1.0 ] },
						"down": { "texture": "#other", "uv": [ 0.0, 0.0, 1.0, 1.0 ] }
					}
				},
				{
					"name": "Cube13",
					"from": [ 6.0, 1.0, 5.0 ], 
					"to": [ 8.0, 2.0, 6.0 ], 
					"rotationOrigin": [ 6.0, 1.0, 5.0 ],
					"faces": {
						"north": { "texture": "#other", "uv": [ 0.0, 0.0, 2.0, 1.0 ] },
						"east": { "texture": "#other", "uv": [ 0.0, 0.0, 1.0, 1.0 ] },
						"south": { "texture": "#other", "uv": [ 0.0, 0.0, 2.0, 1.0 ] },
						"west": { "texture": "#other", "uv": [ 0.0, 0.0, 1.0, 1.0 ] },
						"up": { "texture": "#other", "uv": [ 0.0, 0.0, 2.0, 1.0 ] },
						"down": { "texture": "#other", "uv": [ 0.0, 0.0, 2.0, 1.0 ] }
					}
				},
				{
					"name": "Cube14",
					"from": [ 12.0, 1.0, 5.0 ], 
					"to": [ 13.0, 2.0, 6.0 ], 
					"rotationOrigin": [ 12.0, 1.0, 5.0 ],
					"faces": {
						"north": { "texture": "#other", "uv": [ 0.0, 0.0, 1.0, 1.0 ] },
						"east": { "texture": "#other", "uv": [ 0.0, 0.0, 1.0, 1.0 ] },
						"south": { "texture": "#other", "uv": [ 0.0, 0.0, 1.0, 1.0 ] },
						"west": { "texture": "#other", "uv": [ 0.0, 0.0, 1.0, 1.0 ] },
						"up": { "texture": "#other", "uv": [ 0.0, 0.0, 1.0, 1.0 ] },
						"down": { "texture": "#other", "uv": [ 0.0, 0.0, 1.0, 1.0 ] }
					}
				},
				{
					"name": "Cube15",
					"from": [ 1.0, 1.0, 6.0 ], 
					"to": [ 3.0, 2.0, 8.0 ], 
					"rotationOrigin": [ 1.0, 1.0, 6.0 ],
					"faces": {
						"north": { "texture": "#other", "uv": [ 0.0, 0.0, 2.0, 1.0 ] },
						"east": { "texture": "#other", "uv": [ 0.0, 0.0, 2.0, 1.0 ] },
						"south": { "texture": "#other", "uv": [ 0.0, 0.0, 2.0, 1.0 ] },
						"west": { "texture": "#other", "uv": [ 0.0, 0.0, 2.0, 1.0 ] },
						"up": { "texture": "#other", "uv": [ 0.0, 0.0, 2.0, 2.0 ] },
						"down": { "texture": "#other", "uv": [ 0.0, 0.0, 2.0, 2.0 ] }
					}
				},
				{
					"name": "Cube16",
					"from": [ 11.0, 1.0, 6.0 ], 
					"to": [ 13.0, 2.0, 8.0 ], 
					"rotationOrigin": [ 11.0, 1.0, 6.0 ],
					"faces": {
						"north": { "texture": "#other", "uv": [ 0.0, 0.0, 2.0, 1.0 ] },
						"east": { "texture": "#other", "uv": [ 0.0, 0.0, 2.0, 1.0 ] },
						"south": { "texture": "#other", "uv": [ 0.0, 0.0, 2.0, 1.0 ] },
						"west": { "texture": "#other", "uv": [ 0.0, 0.0, 2.0, 1.0 ] },
						"up": { "texture": "#other", "uv": [ 0.0, 0.0, 2.0, 2.0 ] },
						"down": { "texture": "#other", "uv": [ 0.0, 0.0, 2.0, 2.0 ] }
					}
				},
				{
					"name": "Cube17",
					"from": [ 5.0, 1.0, 6.0 ], 
					"to": [ 9.0, 2.0, 8.0 ], 
					"rotationOrigin": [ 5.0, 1.0, 6.0 ],
					"faces": {
						"north": { "texture": "#other", "uv": [ 0.0, 0.0, 4.0, 1.0 ] },
						"east": { "texture": "#other", "uv": [ 0.0, 0.0, 2.0, 1.0 ] },
						"south": { "texture": "#other", "uv": [ 0.0, 0.0, 4.0, 1.0 ] },
						"west": { "texture": "#other", "uv": [ 0.0, 0.0, 2.0, 1.0 ] },
						"up": { "texture": "#other", "uv": [ 0.0, 0.0, 4.0, 2.0 ] },
						"down": { "texture": "#other", "uv": [ 0.0, 0.0, 4.0, 2.0 ] }
					}
				},
				{
					"name": "Cube18",
					"from": [ 1.0, 1.0, 8.0 ], 
					"to": [ 2.0, 2.0, 9.0 ], 
					"rotationOrigin": [ 1.0, 1.0, 8.0 ],
					"faces": {
						"north": { "texture": "#other", "uv": [ 0.0, 0.0, 1.0, 1.0 ] },
						"east": { "texture": "#other", "uv": [ 0.0, 0.0, 1.0, 1.0 ] },
						"south": { "texture": "#other", "uv": [ 0.0, 0.0, 1.0, 1.0 ] },
						"west": { "texture": "#other", "uv": [ 0.0, 0.0, 1.0, 1.0 ] },
						"up": { "texture": "#other", "uv": [ 0.0, 0.0, 1.0, 1.0 ] },
						"down": { "texture": "#other", "uv": [ 0.0, 0.0, 1.0, 1.0 ] }
					}
				},
				{
					"name": "Cube19",
					"from": [ 6.0, 1.0, 8.0 ], 
					"to": [ 8.0, 2.0, 9.0 ], 
					"rotationOrigin": [ 6.0, 1.0, 8.0 ],
					"faces": {
						"north": { "texture": "#other", "uv": [ 0.0, 0.0, 2.0, 1.0 ] },
						"east": { "texture": "#other", "uv": [ 0.0, 0.0, 1.0, 1.0 ] },
						"south": { "texture": "#other", "uv": [ 0.0, 0.0, 2.0, 1.0 ] },
						"west": { "texture": "#other", "uv": [ 0.0, 0.0, 1.0, 1.0 ] },
						"up": { "texture": "#other", "uv": [ 0.0, 0.0, 2.0, 1.0 ] },
						"down": { "texture": "#other", "uv": [ 0.0, 0.0, 2.0, 1.0 ] }
					}
				},
				{
					"name": "Cube20",
					"from": [ 12.0, 1.0, 8.0 ], 
					"to": [ 13.0, 2.0, 9.0 ], 
					"rotationOrigin": [ 12.0, 1.0, 8.0 ],
					"faces": {
						"north": { "texture": "#other", "uv": [ 0.0, 0.0, 1.0, 1.0 ] },
						"east": { "texture": "#other", "uv": [ 0.0, 0.0, 1.0, 1.0 ] },
						"south": { "texture": "#other", "uv": [ 0.0, 0.0, 1.0, 1.0 ] },
						"west": { "texture": "#other", "uv": [ 0.0, 0.0, 1.0, 1.0 ] },
						"up": { "texture": "#other", "uv": [ 0.0, 0.0, 1.0, 1.0 ] },
						"down": { "texture": "#other", "uv": [ 0.0, 0.0, 1.0, 1.0 ] }
					}
				},
				{
					"name": "Cube21",
					"from": [ 12.0, 1.0, 11.0 ], 
					"to": [ 13.0, 2.0, 12.0 ], 
					"rotationOrigin": [ 12.0, 1.0, 11.0 ],
					"faces": {
						"north": { "texture": "#other", "uv": [ 0.0, 0.0, 1.0, 1.0 ] },
						"east": { "texture": "#other", "uv": [ 0.0, 0.0, 1.0, 1.0 ] },
						"south": { "texture": "#other", "uv": [ 0.0, 0.0, 1.0, 1.0 ] },
						"west": { "texture": "#other", "uv": [ 0.0, 0.0, 1.0, 1.0 ] },
						"up": { "texture": "#other", "uv": [ 0.0, 0.0, 1.0, 1.0 ] },
						"down": { "texture": "#other", "uv": [ 0.0, 0.0, 1.0, 1.0 ] }
					}
				},
				{
					"name": "Cube22",
					"from": [ 1.0, 1.0, 11.0 ], 
					"to": [ 2.0, 2.0, 12.0 ], 
					"rotationOrigin": [ 1.0, 1.0, 11.0 ],
					"faces": {
						"north": { "texture": "#other", "uv": [ 0.0, 0.0, 1.0, 1.0 ] },
						"east": { "texture": "#other", "uv": [ 0.0, 0.0, 1.0, 1.0 ] },
						"south": { "texture": "#other", "uv": [ 0.0, 0.0, 1.0, 1.0 ] },
						"west": { "texture": "#other", "uv": [ 0.0, 0.0, 1.0, 1.0 ] },
						"up": { "texture": "#other", "uv": [ 0.0, 0.0, 1.0, 1.0 ] },
						"down": { "texture": "#other", "uv": [ 0.0, 0.0, 1.0, 1.0 ] }
					}
				},
				{
					"name": "Cube23",
					"from": [ 6.0, 1.0, 11.0 ], 
					"to": [ 8.0, 2.0, 12.0 ], 
					"rotationOrigin": [ 6.0, 1.0, 11.0 ],
					"faces": {
						"north": { "texture": "#other", "uv": [ 0.0, 0.0, 2.0, 1.0 ] },
						"east": { "texture": "#other", "uv": [ 0.0, 0.0, 1.0, 1.0 ] },
						"south": { "texture": "#other", "uv": [ 0.0, 0.0, 2.0, 1.0 ] },
						"west": { "texture": "#other", "uv": [ 0.0, 0.0, 1.0, 1.0 ] },
						"up": { "texture": "#other", "uv": [ 0.0, 0.0, 2.0, 1.0 ] },
						"down": { "texture": "#other", "uv": [ 0.0, 0.0, 2.0, 1.0 ] }
					}
				},
				{
					"name": "Cube24",
					"from": [ 1.0, 1.0, 12.0 ], 
					"to": [ 3.0, 2.0, 13.0 ], 
					"rotationOrigin": [ 1.0, 1.0, 12.0 ],
					"faces": {
						"north": { "texture": "#other", "uv": [ 0.0, 0.0, 2.0, 1.0 ] },
						"east": { "texture": "#other", "uv": [ 0.0, 0.0, 1.0, 1.0 ] },
						"south": { "texture": "#other", "uv": [ 0.0, 0.0, 2.0, 1.0 ] },
						"west": { "texture": "#other", "uv": [ 0.0, 0.0, 1.0, 1.0 ] },
						"up": { "texture": "#other", "uv": [ 0.0, 0.0, 2.0, 1.0 ] },
						"down": { "texture": "#other", "uv": [ 0.0, 0.0, 2.0, 1.0 ] }
					}
				},
				{
					"name": "Cube25",
					"from": [ 11.0, 1.0, 12.0 ], 
					"to": [ 13.0, 2.0, 13.0 ], 
					"rotationOrigin": [ 11.0, 1.0, 12.0 ],
					"faces": {
						"north": { "texture": "#other", "uv": [ 0.0, 0.0, 2.0, 1.0 ] },
						"east": { "texture": "#other", "uv": [ 0.0, 0.0, 1.0, 1.0 ] },
						"south": { "texture": "#other", "uv": [ 0.0, 0.0, 2.0, 1.0 ] },
						"west": { "texture": "#other", "uv": [ 0.0, 0.0, 1.0, 1.0 ] },
						"up": { "texture": "#other", "uv": [ 0.0, 0.0, 2.0, 1.0 ] },
						"down": { "texture": "#other", "uv": [ 0.0, 0.0, 2.0, 1.0 ] }
					}
				},
				{
					"name": "Cube26",
					"from": [ 5.0, 1.0, 12.0 ], 
					"to": [ 9.0, 2.0, 13.0 ], 
					"rotationOrigin": [ 5.0, 1.0, 12.0 ],
					"faces": {
						"north": { "texture": "#other", "uv": [ 0.0, 0.0, 4.0, 1.0 ] },
						"east": { "texture": "#other", "uv": [ 0.0, 0.0, 1.0, 1.0 ] },
						"south": { "texture": "#other", "uv": [ 0.0, 0.0, 4.0, 1.0 ] },
						"west": { "texture": "#other", "uv": [ 0.0, 0.0, 1.0, 1.0 ] },
						"up": { "texture": "#other", "uv": [ 0.0, 0.0, 4.0, 1.0 ] },
						"down": { "texture": "#other", "uv": [ 0.0, 0.0, 4.0, 1.0 ] }
					}
				}
			]
		}
	]}