﻿{
  "greenthumb": {
    "requirements": [
      {
        "code": "ability",
        "minimumTier": 3,
        "skill": "farming",
        "ability": "farmer",
        "requiredTier": 1
      },
      {
        "code": "exclusiveAbility",
        "minimumTier": 3,
        "skill": "farming",
        "ability": "demetersbless",
        "exclusiveTier": 3
      }
    ]
  },
  "demetersbless": {
    "requirements": [
      {
        "code": "ability",
        "minimumTier": 3,
        "skill": "farming",
        "ability": "farmer",
        "requiredTier": 1
      },
      {
        "code": "exclusiveAbility",
        "minimumTier": 3,
        "skill": "farming",
        "ability": "greenthumb",
        "exclusiveTier": 3
      }
    ]
  },
  "repotting": {
    "requirements": [
      {
        "code": "ability",
        "minimumTier": 1,
        "skill": "farming",
        "ability": "demetersbless",
        "requiredTier": 2
      }
    ]
  },
  "carefulhands": {
    "requirements": [
      {
        "code": "ability",
        "minimumTier": 1,
        "skill": "farming",
        "ability": "gatherer",
        "requiredTier": 1
      }
    ]
  },
  "cultivatedseeds": {
    "requirements": [
      {
        "code": "ability",
        "minimumTier": 1,
        "skill": "farming",
        "ability": "farmer",
        "requiredTier": 1
      },
      {
        "code": "ability",
        "minimumTier": 1,
        "skill": "farming",
        "ability": "greenthumb",
        "requiredTier": 2
      }
    ]
  },
  "beekeeper": {
    "requirements": [
      {
        "code": "ability",
        "minimumTier": 3,
        "skill": "farming",
        "ability": "farmer",
        "requiredTier": 1
      }
    ]
  },
  "beemaster": {
    "requirements": [
      {
        "code": "ability",
        "minimumTier": 1,
        "skill": "farming",
        "ability": "beekeeper",
        "requiredTier": 3
      }
    ]
  }
}