{
  "longlife": {
    "requirements": [
      {
        "minimumTier": 2,
        "code": "skill",
        "skill": "combat",
        "requiredLevel": 3
      },
      {
        "minimumTier": 3,
        "code": "skill",
        "skill": "combat",
        "requiredLevel": 5
      }
    ]
  },

  "hugestomach": {
    "requirements": [
      {
        "code": "or",
        "minimumTier": 2,
        "requirements": [
          {
            "code": "skill",
            "skill": "farming",
            "requiredLevel": 3
          },
          {
            "code": "skill",
            "skill": "cooking",
            "requiredLevel": 3
          }
        ]
      },
      {
        "code": "or",
        "minimumTier": 3,
        "requirements": [
          {
            "code": "skill",
            "skill": "farming",
            "requiredLevel": 5
          },
          {
            "code": "skill",
            "skill": "cooking",
            "requiredLevel": 5
          }
        ]
      }
    ]
  },
  "photosynthesis": {
    "requirements": [
      {
        "code": "or",
        "minimumTier": 1,
        "requirements": [
          {
            "code": "skill",
            "skill": "farming",
            "requiredLevel": 5
          },
          {
            "code": "skill",
            "skill": "forestry",
            "requiredLevel": 5
          }
        ]
      },
      {
        "code": "or",
        "minimumTier": 2,
        "requirements": [
          {
            "code": "skill",
            "skill": "farming",
            "requiredLevel": 7
          },
          {
            "code": "skill",
            "skill": "forestry",
            "requiredLevel": 7
          }
        ]
      },
      {
        "code": "or",
        "minimumTier": 3,
        "requirements": [
          {
            "code": "ability",
            "skill": "farming",
            "ability": "farmer",
            "requiredTier": 1
          },
          {
            "code": "ability",
            "skill": "forestry",
            "ability": "forester",
            "requiredTier": 1
          }
        ]
      },
      {
        "code": "exclusiveAbility",
        "minimumTier": 1,
        "skill": "combat",
        "ability": "vampire",
        "exclusiveTier": 1
      }
    ]
  },
  "strongback": {
    "requirements": [
      {
        "code": "or",
        "minimumTier": 1,
        "requirements": [
          {
            "code": "skill",
            "skill": "mining",
            "requiredLevel": 3
          },
          {
            "code": "skill",
            "skill": "metalworking",
            "requiredLevel": 3
          }
        ]
      },
      {
        "code": "or",
        "minimumTier": 2,
        "requirements": [
          {
            "code": "skill",
            "skill": "mining",
            "requiredLevel": 5
          },
          {
            "code": "skill",
            "skill": "metalworking",
            "requiredLevel": 5
          }
        ]
      }
    ]
  },
  "ontheroad": {
    "requirements": [
      {
        "code": "exclusiveAbility",
        "minimumTier": 1,
        "skill": "survival",
        "ability": "scout",
        "exclusiveTier": 1
      }
    ]
  },
  "scout": {
    "requirements": [
      {
        "code": "exclusiveAbility",
        "minimumTier": 1,
        "skill": "survival",
        "ability": "ontheroad",
        "exclusiveTier": 1
      }
    ]
  },
  "soulboundbag": {
    "requirements": [
      {
        "code": "ability",
        "skill": "survival",
        "ability": "strongback",
        "requiredTier": 1
      }
    ]
  }
}